{
	"class_name" : "PinholeCameraParameters",
	"extrinsic" : 
	[
		0.99923812566542969,
		-0.034223346354624637,
		0.018759818254194951,
		0.0,
		-0.039027551835490254,
		-0.87455220663001509,
		0.48335834333990713,
		0.0,
		-0.00013569954733498243,
		-0.48372223480305598,
		-0.8752215611733809,
		0.0,
		-97724.668356609182,
		78051.838657698681,
		-42744.492379701245,
		1.0
	],
	"intrinsic" : 
	{
		"height" : 1008,
		"intrinsic_matrix" : 
		[
			872.95360701471418,
			0.0,
			0.0,
			0.0,
			872.95360701471418,
			0.0,
			959.5,
			503.5,
			1.0
		],
		"width" : 1920
	},
	"version_major" : 1,
	"version_minor" : 0
}